Modelo,Precio,Localización,Código_postal,Fecha,Link_wallapop
Dacia Sandero Stepway Essential TCe 1.0 74kW 100CV,11390.0,Alcalá de Henares,28800,24-09-07,es.wallapop.com/item/dacia-sandero-stepway-essential-tce-1-0-74kw-100cv-1045465070
Dacia Sandero Stepway 2022,12900.0,Alcalá de Henares,28800,24-07-28,es.wallapop.com/item/dacia-sandero-stepway-2022-1033080751
Dacia Sandero 1.0 Eco-G 100 Expression,14900.0,Cobeña,28863,24-10-10,es.wallapop.com/item/dacia-sandero-2022-1057692417
Dacia Sandero Stepway Essential TCE 66kW (90CV) - SS,12000.0,Mercado Parque Corredor del Henares,28851,24-10-17,es.wallapop.com/item/dacia-sandero-stepway-essential-tce-66kw-90cv-ss-1059719764
Dacia Sandero SL Aniversario TCe 1.0 74kW (100CV),12500.0,Mercado Parque Corredor del Henares,28851,24-11-01,es.wallapop.com/item/dacia-sandero-sl-aniversario-tce-1-0-74kw-100cv-1064972556
Dacia Sandero Stepway Comfort TCe 67 kW (91 CV) CVT,16850.0,Torrejón de Ardoz,28850,24-09-24,es.wallapop.com/item/dacia-sandero-stepway-comfort-tce-67-kw-91-cv-cvt-1051711815
Dacia Sandero Comfort TCe 66 kW (90 CV) CVT,14445.0,Torrejón de Ardoz,28850,24-11-01,es.wallapop.com/item/dacia-sandero-comfort-tce-66-kw-90-cv-cvt-1064953511
Dacia Sandero Stepway Comfort ECO-G 74 kW (101 CV),14409.0,Torrejón de Ardoz,28850,24-11-01,es.wallapop.com/item/dacia-sandero-stepway-comfort-eco-g-74-kw-101-cv-1064953102
Dacia Sandero Expression TCe 66 kW (90 CV),13045.0,Torrejón de Ardoz,28850,24-10-23,es.wallapop.com/item/dacia-sandero-expression-tce-66-kw-90-cv-1062034198
Dacia Sandero Stepway Essential ECO-G 74 kW (101 CV),16545.0,Torrejón de Ardoz,28850,24-10-09,es.wallapop.com/item/dacia-sandero-stepway-essential-eco-g-74-kw-101-cv-1057072685
Dacia Sandero Stepway Essential 1.0 55 kW (75 CV),11045.0,Torrejón de Ardoz,28850,24-09-18,es.wallapop.com/item/dacia-sandero-stepway-essential-1-0-55-kw-75-cv-1049540799
Dacia Sandero Essential,15390.0,Torrejón de Ardoz,28850,24-10-11,es.wallapop.com/item/dacia-sandero-essential-1057765553
Dacia Sandero Essential,10750.0,Torrejón de Ardoz,28850,24-10-11,es.wallapop.com/item/dacia-sandero-essential-1057765540
Dacia Sandero Stepway Expression,16390.0,Torrejón de Ardoz,28850,24-10-11,es.wallapop.com/item/dacia-sandero-stepway-expression-1057765617
Dacia Sandero Stepway Comfort,16190.0,Torrejón de Ardoz,28850,24-10-11,es.wallapop.com/item/dacia-sandero-stepway-comfort-1057765598
Dacia Sandero Stepway Essential,15390.0,Torrejón de Ardoz,28850,24-10-11,es.wallapop.com/item/dacia-sandero-stepway-essential-1057765605
Dacia Sandero SL Trotamundos,11840.0,Torrejón de Ardoz,28850,24-10-11,es.wallapop.com/item/dacia-sandero-sl-trotamundos-1057765587
DACIA SANDERO STEPWAY COMFORT 74KW 100CV ECOG,11900.0,Parque Empresarial San Fernando de Henares,28830,24-10-31,es.wallapop.com/item/dacia-sandero-stepway-comfort-74kw-100cv-ecog-1064711632
Ford Focus 2019 *OFERTA*,12400.0,Guadalajara,19003,24-09-05,es.wallapop.com/item/ford-focus-2019-1045015145
Dacia Sandero 1.0 TCE 90CV Stepway Comfort,15600.0,Madrid,28022,24-08-21,es.wallapop.com/item/dacia-sandero-1-0-tce-90cv-stepway-comfort-1039768457
Dacia Sandero ,10498.0,Alcobendas,28100,24-10-29,es.wallapop.com/item/dacia-sandero-2021-diesel-1064142335
Dacia Sandero Stepway Essential TCe 1.0 74kW 100CV,11390.0,San Sebastián de Los Reyes,28700,24-09-07,es.wallapop.com/item/dacia-sandero-stepway-essential-tce-1-0-74kw-100cv-1045466285
Dacia Sandero Stepway Confort 1.0 92cv 5P S/S,13650.0,San Sebastián de Los Reyes,28700,24-07-29,es.wallapop.com/item/dacia-sandero-stepway-confort-1-0-92cv-5p-s-s-1033261678
Dacia Sandero Stepway Comfort ECO-G 74 kW (101 CV),14409.0,Alcobendas,28100,24-10-14,es.wallapop.com/item/dacia-sandero-stepway-comfort-eco-g-74-kw-101-cv-1058750494
Dacia Sandero TCE 90 GLP Stepway Ambiance 66 kW (90 CV),11809.0,Alcobendas,28100,24-10-09,es.wallapop.com/item/dacia-sandero-tce-90-glp-stepway-ambiance-66-kw-90-cv-1057166070
Dacia Sandero Expression TCe 66 kW (90 CV),13091.0,Alcobendas,28100,24-09-18,es.wallapop.com/item/dacia-sandero-expression-tce-66-kw-90-cv-1049545142
Dacia Sandero Stepway Essential TCe 66 kW (90 CV),15727.0,Alcobendas,28100,24-09-18,es.wallapop.com/item/dacia-sandero-stepway-essential-tce-66-kw-90-cv-1049545835
Dacia Sandero Laureate TCe 66 kW (90 CV) Easy-R,12000.0,Alcobendas,28100,24-09-18,es.wallapop.com/item/dacia-sandero-laureate-tce-66-kw-90-cv-easy-r-1049545081
Dacia Sandero Expression TCe 66 kW (90 CV),13091.0,Alcobendas,28100,24-09-11,es.wallapop.com/item/dacia-sandero-expression-tce-66-kw-90-cv-1046937441
Dacia Sandero Expression TCe 66 kW (90 CV),13090.0,Alcobendas,28100,24-09-11,es.wallapop.com/item/dacia-sandero-expression-tce-66-kw-90-cv-1046937429
Dacia Sandero 2022,14300.0,Soto de La Moraleja,28109,24-10-07,es.wallapop.com/item/dacia-sandero-2022-1056637910
Dacia Sandero Stepway TCe 66 kW (90 CV),10690.0,Madrid,28037,24-10-17,es.wallapop.com/item/dacia-sandero-stepway-tce-66-kw-90-cv-1059701711
Dacia Sandero Stepway TCe 66 kW (90 CV),10690.0,Madrid,28037,24-10-17,es.wallapop.com/item/dacia-sandero-stepway-tce-66-kw-90-cv-1059701719
Dacia Sandero 2022,12400.0,Urbanizacion Valdelagua,28750,24-10-22,es.wallapop.com/item/dacia-sandero-stepway-1061897495
Dacia Sandero SL Aniversario Blue dCi 70kW - SS,13700.0,Rivas Vaciamadrid,28521,24-10-11,es.wallapop.com/item/dacia-sandero-stepway-essential-blue-dci-70kw-ss-1057776200
Dacia Sandero 2021,12000.0,Madrid,28017,24-09-24,es.wallapop.com/item/dacia-sandero-essential-tce-67-kw-90-cv-19400-km-1051993044
Dacia Sandero Essential,10000.0,Madrid,28031,24-10-18,es.wallapop.com/item/dacia-sandero-essential-1060018645
Dacia Sandero SCE ACCESS 67 CV,10700.0,Arganda del Rey,28500,24-10-04,es.wallapop.com/item/dacia-sandero-sce-access-67-cv-1055625519
Dacia Sandero Expression TCe 66 kW (90 CV),13045.0,Rivas,28522,24-10-23,es.wallapop.com/item/dacia-sandero-expression-tce-66-kw-90-cv-1062034436
Dacia Sandero Stepway TCe 66 kW (90 CV),10250.0,Rivas,28522,24-10-20,es.wallapop.com/item/dacia-sandero-stepway-tce-66-kw-90-cv-1060629531
Renault Megane GTLine 1.5dc 110cv,15500.0,Alcalá de Henares,28807,24-10-14,es.wallapop.com/item/renault-megane-gtline-1-5dc-110cv-1058805753
Renault Megane 2017,11500.0,Alcalá de Henares,28807,24-09-06,es.wallapop.com/item/renault-megane-2017-1045128285
RENAULT Megane Sport Tourer dci 130cv ZEN,12990.0,Alcalá de Henares,28807,24-10-18,es.wallapop.com/item/renault-megane-sport-tourer-dci-130cv-zen-1060181810
Renault Megane MEGANE (O) S.T. Business Blue dCi 85kW (115CV),14100.0,Alcalá de Henares,28800,24-10-01,es.wallapop.com/item/renault-megane-megane-o-s-t-business-blue-dci-85kw-115cv-1054183456
Renault Megane III 2016,10000.0,Base Aerea Conjunta Torrejon,28850,24-09-04,es.wallapop.com/item/renault-megane-iii-2016-1044641669
RENAULT Mégane Intens Blue dCi 115cv,17480.0,Cobeña,28863,24-09-18,es.wallapop.com/item/renault-megane-intens-blue-dci-85-kw-115cv-1049741978
RENAULT Megane Megane Limited Blue dCi 85 kW (115CV),12900.0,Mercado Parque Corredor del Henares,28851,24-10-17,es.wallapop.com/item/renault-megane-megane-limited-blue-dci-85-kw-115cv-1059717350
RENAULT Megane Megane Intens Blue dCi (115CV),16500.0,Mercado Parque Corredor del Henares,28851,24-10-06,es.wallapop.com/item/renault-megane-megane-intens-blue-dci-115cv-1056066031
RENAULT Megane Megane Zen Blue dCi 85kW 115CV,16400.0,Mercado Parque Corredor del Henares,28851,24-10-06,es.wallapop.com/item/renault-megane-megane-zen-blue-dci-85kw-115cv-1056066034
Renault Megane Límited 1.5dCi 115cv 2020,10490.0,Los Santos de la Humosa,28817,24-10-08,es.wallapop.com/item/renault-megane-s-t-limited-1-5dci-115cv-2020-1056916713
Renault Megane Intens Blue dCi 85 kW (115CV),17900.0,Mercado Parque Corredor del Henares,28851,24-10-07,es.wallapop.com/item/renault-megane-intens-blue-dci-85-kw-115cv-1056421570
Renault Megane Life Blue dCi 85 kW (115CV),16500.0,Mercado Parque Corredor del Henares,28851,24-10-23,es.wallapop.com/item/renault-megane-life-blue-dci-85-kw-115cv-1062051404
Renault Megane GT Line Tce GPF 103kW (140CV) - 18,17300.0,Mercado Parque Corredor del Henares,28851,24-09-18,es.wallapop.com/item/renault-megane-gt-line-tce-gpf-103kw-140cv-18-1049562446
Renault Megane S.T. Zen Blue dCi 85 kW (115CV),16000.0,Mercado Parque Corredor del Henares,28851,24-10-18,es.wallapop.com/item/renault-megane-s-t-zen-blue-dci-85-kw-115cv-1060028475
Renault Megane Zen TCe 103 kW (140 CV) GPF,14350.0,Torrejón de Ardoz,28850,24-10-23,es.wallapop.com/item/renault-megane-zen-tce-103-kw-140-cv-gpf-1062054249
Renault Megane Intens TCe 103 kW (140 CV) GPF,17350.0,Torrejón de Ardoz,28850,24-10-16,es.wallapop.com/item/renault-megane-intens-tce-103-kw-140-cv-gpf-1059381450
Renault Megane Sport Tourer Zen Blue dCi 85 kW (115 CV),19250.0,Torrejón de Ardoz,28850,24-09-06,es.wallapop.com/item/renault-megane-sport-tourer-zen-blue-dci-85-kw-115-cv-1045130454
Renault Megane Zen Blue dCi 85 kW (115 CV),17454.0,Torrejón de Ardoz,28850,24-10-28,es.wallapop.com/item/renault-megane-zen-blue-dci-85-kw-115-cv-1063693534
Renault Megane Sport Tourer Zen Tce 103 kW (140 CV) GPF,18636.0,Torrejón de Ardoz,28850,24-10-27,es.wallapop.com/item/renault-megane-sport-tourer-zen-tce-103-kw-140-cv-gpf-1063325164
Renault Megane Sport Tourer Tech Road Energy TCe 97 kW (130 CV),12681.0,Torrejón de Ardoz,28850,24-10-23,es.wallapop.com/item/renault-megane-sport-tourer-tech-road-energy-tce-97-kw-130-cv-1062034203
Renault Megane Zen TCe 103 kW (140 CV) GPF,15273.0,Torrejón de Ardoz,28850,24-10-18,es.wallapop.com/item/renault-megane-zen-tce-103-kw-140-cv-gpf-1060013708
Renault Megane Intens Energy TCe 97 kW (130 CV),13150.0,Torrejón de Ardoz,28850,24-10-11,es.wallapop.com/item/renault-megane-intens-energy-tce-97-kw-130-cv-1057750352
Renault Megane Zen Energy dCi 81 kW (110 CV),14900.0,Torrejón de Ardoz,28850,24-10-09,es.wallapop.com/item/renault-megane-zen-energy-dci-81-kw-110-cv-1057072806
Renault Megane Zen Energy dCi 81 kW (110 CV),12636.0,Torrejón de Ardoz,28850,24-10-05,es.wallapop.com/item/renault-megane-zen-energy-dci-81-kw-110-cv-1055735574
Renault Megane Intens Energy dCi 66 kW (90 CV),13990.0,Torrejón de Ardoz,28850,24-10-02,es.wallapop.com/item/renault-megane-intens-energy-dci-66-kw-90-cv-1054556667
Renault Megane Intens Energy TCe 97 kW (130 CV),16809.0,Torrejón de Ardoz,28850,24-09-28,es.wallapop.com/item/renault-megane-intens-energy-tce-97-kw-130-cv-1053042903
Renault Megane Limited dCi 81 kW (110 CV) EDC,10990.0,Torrejón de Ardoz,28850,24-09-18,es.wallapop.com/item/renault-megane-limited-dci-81-kw-110-cv-edc-1049540956
Renault Megane Sport Tourer Life Energy TCe 74 kW (100 CV),11900.0,Torrejón de Ardoz,28850,24-09-12,es.wallapop.com/item/renault-megane-sport-tourer-life-energy-tce-74-kw-100-cv-1047326772
Renault Megane Business Energy dCi 66 kW (90 CV),14900.0,Torrejón de Ardoz,28850,24-09-27,es.wallapop.com/item/renault-megane-business-energy-dci-66-kw-90-cv-1052867834
Renault Megane Business,13940.0,Torrejón de Ardoz,28850,24-10-11,es.wallapop.com/item/renault-megane-business-1057771290
Renault Megane Intens,13490.0,Torrejón de Ardoz,28850,24-10-11,es.wallapop.com/item/renault-megane-intens-1057771310
Renault Megane Limited,13490.0,Torrejón de Ardoz,28850,24-10-11,es.wallapop.com/item/renault-megane-limited-1057771320
Renault Megane Zen,14690.0,Torrejón de Ardoz,28850,24-10-11,es.wallapop.com/item/renault-megane-zen-1057771365
Renault Megane Business,13840.0,Torrejón de Ardoz,28850,24-10-11,es.wallapop.com/item/renault-megane-business-1057771295
Renault Megane Sport Tourer Limited,13440.0,Torrejón de Ardoz,28850,24-10-11,es.wallapop.com/item/renault-megane-sport-tourer-limited-1057771344
Renault Megane ETECH Hibrido ench.,17890.0,Torrejón de Ardoz,28850,24-10-11,es.wallapop.com/item/renault-megane-etech-hibrido-ench-1057771300
Renault Megane Sport Tourer Business,12690.0,Torrejón de Ardoz,28850,24-10-11,es.wallapop.com/item/renault-megane-sport-tourer-business-1057771338
Renault Megane ST 1.5dCi GT Line Garantía Incl,10450.0,Torrejón de Ardoz,28850,24-10-29,es.wallapop.com/item/renault-megane-st-1-5dci-gt-line-garantia-incl-1064048244
Renault Megane III Grand Tour GT-Style 1.5 DCI 110,10450.0,Torrejón de Ardoz,28850,24-09-20,es.wallapop.com/item/renault-megane-iii-grand-tour-gt-style-1-5-dci-110-1050368206
RENAULT MÉGANE S.T. BUSINESS BLUE DCI 85 KW 115CV,10600.0,Parque Empresarial San Fernando de Henares,28830,24-11-01,es.wallapop.com/item/renault-megane-s-t-business-blue-dci-85-kw-115cv-1064972281
Ford Focus 2019,10900.0,Alcalá de Henares,28807,24-10-16,es.wallapop.com/item/ford-focus-2019-1059603444
Ford Focus Sportbreak ,13490.0,Alcalá de Henares,28807,24-10-25,es.wallapop.com/item/ford-focus-sportbreak-1062905558
Ford Focus 2019,18000.0,Alcalá de Henares,28801,24-09-14,es.wallapop.com/item/ford-focus-2019-1048375780
Ford Focus 1.5 TDCi 70kW Trend,11390.0,Alcalá de Henares,28800,24-10-25,es.wallapop.com/item/ford-focus-1-5-tdci-70kw-trend-1062729672
FORD FOCUS BERLINA TREND 1.0 ECOBOOST 92KV 125CV,11111.0,Alcalá de Henares,28802,24-09-27,es.wallapop.com/item/ford-focus-berlina-trend-1-0-ecoboost-92kv-125cv-1052785691
Ford Focus 2014,17800.0,Azuqueca de Henares,19200,24-10-15,es.wallapop.com/item/ford-focus-2014-1059333776
Ford Focus 2018 ST Line B&R 5P.,14890.0,Cobeña,28863,24-10-17,es.wallapop.com/item/ford-focus-2018-st-line-b-r-5p-1059871140
Ford Focus 2017,10500.0,Azuqueca de Henares,19200,24-08-10,es.wallapop.com/item/ford-focus-2018-1036897598
FORD Focus Focus 1.5 Ecoblue 70kW Trend,13400.0,Mercado Parque Corredor del Henares,28851,24-10-31,es.wallapop.com/item/ford-focus-focus-1-5-ecoblue-70kw-trend-1064709748
FORD Focus Focus 1.5 Ecoblue 88kW Trend+,14200.0,Mercado Parque Corredor del Henares,28851,24-10-06,es.wallapop.com/item/ford-focus-focus-1-5-ecoblue-88kw-trend-1056066017
Ford Focus 2021,18400.0,Mercado Parque Corredor del Henares,28851,24-11-03,es.wallapop.com/item/ford-focus-st-line-x-1065870991
Ford Focus 1.0 Ecoboost 92kW Trend+,15500.0,Mercado Parque Corredor del Henares,28851,24-09-22,es.wallapop.com/item/ford-focus-1-0-ecoboost-92kw-trend-1050956843
Ford Focus 1.5 Ecoblue 88kW Trend+,14000.0,Mercado Parque Corredor del Henares,28851,24-11-01,es.wallapop.com/item/ford-focus-1-5-ecoblue-88kw-trend-1064972507
Ford Focus 1.5 Ecoblue 88kW Trend+,17000.0,Mercado Parque Corredor del Henares,28851,24-10-27,es.wallapop.com/item/ford-focus-1-5-ecoblue-88kw-trend-1063340321
Ford Focus 1.5 Ecoblue 88kW Trend+ Sportbreak,13500.0,Mercado Parque Corredor del Henares,28851,24-09-16,es.wallapop.com/item/ford-focus-1-5-ecoblue-88kw-trend--sportbreak-1048870834
Ford Focus 1.0 Ecoboost 92kW ST-Line,17800.0,Mercado Parque Corredor del Henares,28851,24-10-19,es.wallapop.com/item/ford-focus-1-0-ecoboost-92kw-st-line-1060320929
Ford Focus 1.0 Ecoboost 92kW Active Auto SB,18300.0,Mercado Parque Corredor del Henares,28851,24-09-16,es.wallapop.com/item/ford-focus-1-0-ecoboost-92kw-active-auto-sb-1048869464
Ford Focus 1.5 Ecoblue 88kW Trend+ Auto SB,18500.0,Mercado Parque Corredor del Henares,28851,24-10-24,es.wallapop.com/item/ford-focus-1-5-ecoblue-88kw-trend--auto-sb-1062423817
Ford Focus 1.0 Ecoboost MHEV 92kW ST-Line,17990.0,Mercado Parque Corredor del Henares,28851,24-10-11,es.wallapop.com/item/ford-focus-1-0-ecoboost-mhev-92kw-st-line-1057778521
Ford Focus 1.0 Ecoboost MHEV 92kW ST-Line Style SIP,19500.0,Mercado Parque Corredor del Henares,28851,24-10-13,es.wallapop.com/item/ford-focus-1-0-ecoboost-mhev-92kw-st-line-style-sip-1058399239
Ford Focus etiqueta ECO 125cv STLine,18000.0,Paracuellos de Jarama,28860,24-11-01,es.wallapop.com/item/ford-focus-etiqueta-eco-125cv-stline-1064973650
Ford Focus 1.5 TDCi Trend+ 88 kW (120 CV),11750.0,Torrejón de Ardoz,28850,24-10-23,es.wallapop.com/item/ford-focus-1-5-tdci-trend--88-kw-120-cv-1062054204
Ford Focus 2021,17750.0,Torrejón de Ardoz,28850,24-09-15,es.wallapop.com/item/ford-focus-2021-1048773090
Ford Focus SportBreak 1.5 Ecoblue Active 88 kW (120 CV),14363.0,Torrejón de Ardoz,28850,24-11-01,es.wallapop.com/item/ford-focus-sportbreak-1-5-ecoblue-active-88-kw-120-cv-1064952981
Ford Focus 1.0 Ecoboost SANDS ST-Line 92 kW (125 CV),14272.0,Torrejón de Ardoz,28850,24-11-01,es.wallapop.com/item/ford-focus-1-0-ecoboost-sands-st-line-92-kw-125-cv-1064953590
Ford Focus 1.0 Ecoboost ST-Line BlackANDRed 92 kW (125 CV),14772.0,Torrejón de Ardoz,28850,24-10-28,es.wallapop.com/item/ford-focus-1-0-ecoboost-st-line-blackandred-92-kw-125-cv-1063693292
Ford Focus 1.0 Ecoboost SANDS Business 92 kW (125 CV),11718.0,Torrejón de Ardoz,28850,24-10-14,es.wallapop.com/item/ford-focus-1-0-ecoboost-sands-business-92-kw-125-cv-1058749093
Ford Focus 1.0 Ecoboost ST-Line 92 kW (125 CV),18173.0,Torrejón de Ardoz,28850,24-10-06,es.wallapop.com/item/ford-focus-1-0-ecoboost-st-line-92-kw-125-cv-1056045538
Ford Focus 1.5 TDCi Trend+ 88 kW (120 CV),13900.0,Torrejón de Ardoz,28850,24-09-15,es.wallapop.com/item/ford-focus-1-5-tdci-trend--88-kw-120-cv-1048406809
Ford Focus 1.0 Ecoboost MHEV ST-Line 92 kW (125 CV),18500.0,Torrejón de Ardoz,28850,24-09-14,es.wallapop.com/item/ford-focus-1-0-ecoboost-mhev-st-line-92-kw-125-cv-1048042353
Ford Focus 1.5 Ecoblue ST-Line 88 kW (120 CV),16636.0,Torrejón de Ardoz,28850,24-10-17,es.wallapop.com/item/ford-focus-1-5-ecoblue-st-line-88-kw-120-cv-1059701931
Ford Focus 2020,13900.0,Torrejón de Ardoz,28850,24-10-02,es.wallapop.com/item/ford-focus-2020-1054659954
Ford Focus 1.0 Ecoboost SANDS Trend+ 92 kW (125 CV),18999.0,Torrejón de Ardoz,28850,24-09-27,es.wallapop.com/item/ford-focus-1-0-ecoboost-sands-trend--92-kw-125-cv-1052870395
Ford Focus Trend,15700.0,Torrejón de Ardoz,28850,24-10-11,es.wallapop.com/item/ford-focus-trend-1057766577
Ford Focus Active,17890.0,Torrejón de Ardoz,28850,24-10-11,es.wallapop.com/item/ford-focus-active-1057766492
Ford Focus Trend,17890.0,Torrejón de Ardoz,28850,24-10-11,es.wallapop.com/item/ford-focus-trend-1057766599
Ford Focus Trend,15890.0,Torrejón de Ardoz,28850,24-10-11,es.wallapop.com/item/ford-focus-trend-1057766566
Ford Focus Trend,16080.0,Torrejón de Ardoz,28850,24-10-11,es.wallapop.com/item/ford-focus-trend-1057766584
Ford Focus Trend,16240.0,Torrejón de Ardoz,28850,24-10-11,es.wallapop.com/item/ford-focus-trend-1057766617
Ford Focus Trend,16740.0,Torrejón de Ardoz,28850,24-10-11,es.wallapop.com/item/ford-focus-trend-1057766623
Seat Arona 1.6 TDI 70kW Reference Eco,14999.0,Alcalá de Henares,28800,24-10-29,es.wallapop.com/item/seat-arona-1-6-tdi-70kw-reference-eco-1064016691
SEAT Arona Arona 1.0 TSI 81 kW (110 CV) Style 5P Manual,14500.0,Mercado Parque Corredor del Henares,28851,24-10-24,es.wallapop.com/item/seat-arona-arona-1-0-tsi-81-kw-110-cv-style-5p-manual-1062420385
SEAT Arona Arona 1.6 TDI 70kW (95CV) Style Ecomotive,12700.0,Mercado Parque Corredor del Henares,28851,24-10-13,es.wallapop.com/item/seat-arona-arona-1-6-tdi-70kw-95cv-style-ecomotive-1058397568
SEAT Arona Arona 1.6 TDI 70kW (95CV) Style Ecomotive,12100.0,Mercado Parque Corredor del Henares,28851,24-08-16,es.wallapop.com/item/seat-arona-arona-1-6-tdi-70kw-95cv-style-ecomotive-1038401146
Seat Arona 1.0 TSI 81kW (110CV) Style,14900.0,Mercado Parque Corredor del Henares,28851,24-11-01,es.wallapop.com/item/seat-arona-1-0-tsi-81kw-110cv-style-1064972503
Seat Arona 1.0 TSI 70kW (95CV) Style Ecomotive,13700.0,Mercado Parque Corredor del Henares,28851,24-09-29,es.wallapop.com/item/seat-arona-1-0-tsi-70kw-95cv-style-ecomotive-1053381077
Seat Arona 1.0 TSI 81kW (110CV) DSG Style Eco,16300.0,Mercado Parque Corredor del Henares,28851,24-09-16,es.wallapop.com/item/seat-arona-1-0-tsi-81kw-110cv-dsg-style-eco-1048868121
SEAT Arona 1.0 TSI Ecomotive FR DSG 85 kW (115 CV),15750.0,Torrejón de Ardoz,28850,24-10-16,es.wallapop.com/item/seat-arona-1-0-tsi-ecomotive-fr-dsg-85-kw-115-cv-1059381356
SEAT Arona 1.5 TSI FR DSG 110 kW (150 CV),19172.0,Torrejón de Ardoz,28850,24-11-01,es.wallapop.com/item/seat-arona-1-5-tsi-fr-dsg-110-kw-150-cv-1064953479
SEAT Arona 1.5 TSI FR Plus DSG 110 kW (150 CV),19172.0,Torrejón de Ardoz,28850,24-11-01,es.wallapop.com/item/seat-arona-1-5-tsi-fr-plus-dsg-110-kw-150-cv-1064953021
SEAT Arona 1.5 TSI FR Plus DSG 110 kW (150 CV),19254.0,Torrejón de Ardoz,28850,24-10-31,es.wallapop.com/item/seat-arona-1-5-tsi-fr-plus-dsg-110-kw-150-cv-1064691869
SEAT Arona 1.0 TSI Style XL 81 kW (110 CV),15363.0,Torrejón de Ardoz,28850,24-10-11,es.wallapop.com/item/seat-arona-1-0-tsi-style-xl-81-kw-110-cv-1057749455
SEAT Arona 1.0 TGI GNC Style Edition 66 kW (90 CV),14081.0,Torrejón de Ardoz,28850,24-10-11,es.wallapop.com/item/seat-arona-1-0-tgi-gnc-style-edition-66-kw-90-cv-1057749769
SEAT Arona 1.5 TSI FR Plus DSG 110 kW (150 CV),19500.0,Torrejón de Ardoz,28850,24-10-11,es.wallapop.com/item/seat-arona-1-5-tsi-fr-plus-dsg-110-kw-150-cv-1057750378
SEAT Arona 1.5 TSI FR DSG 110 kW (150 CV),18590.0,Torrejón de Ardoz,28850,24-10-02,es.wallapop.com/item/seat-arona-1-5-tsi-fr-dsg-110-kw-150-cv-1054556954
SEAT Arona 1.0 TSI Xcellence Go2 81 kW (110 CV),14445.0,Torrejón de Ardoz,28850,24-10-02,es.wallapop.com/item/seat-arona-1-0-tsi-xcellence-go2-81-kw-110-cv-1054556930
SEAT Arona 1.5 TSI FR DSG 110 kW (150 CV),18591.0,Torrejón de Ardoz,28850,24-09-28,es.wallapop.com/item/seat-arona-1-5-tsi-fr-dsg-110-kw-150-cv-1053042835
SEAT Arona 2021,16500.0,Torrejón de Ardoz,28850,24-09-30,es.wallapop.com/item/seat-arona-2021-1054043821
SEAT Arona 1.5 TSI FR DSG 110 kW (150 CV),19081.0,Torrejón de Ardoz,28850,24-10-16,es.wallapop.com/item/seat-arona-1-5-tsi-fr-dsg-110-kw-150-cv-1059373512
SEAT Arona 1.5 TSI FR Plus DSG 110 kW (150 CV),19081.0,Torrejón de Ardoz,28850,24-10-16,es.wallapop.com/item/seat-arona-1-5-tsi-fr-plus-dsg-110-kw-150-cv-1059373491
Seat Arona Style,16790.0,Torrejón de Ardoz,28850,24-10-11,es.wallapop.com/item/seat-arona-style-1057771514
Seat Arona Style,14890.0,Torrejón de Ardoz,28850,24-10-11,es.wallapop.com/item/seat-arona-style-1057771522
Seat Arona Style XL,18490.0,Torrejón de Ardoz,28850,24-10-13,es.wallapop.com/item/seat-arona-style-xl-1058390935
Seat Arona Style XL,18490.0,Torrejón de Ardoz,28850,24-10-13,es.wallapop.com/item/seat-arona-style-xl-1058390976
Seat Arona Style,15790.0,Torrejón de Ardoz,28850,24-10-11,es.wallapop.com/item/seat-arona-style-1057771537
Seat Arona Style XL,17940.0,Torrejón de Ardoz,28850,24-10-11,es.wallapop.com/item/seat-arona-style-xl-1057771551
Seat Arona Style XL,17940.0,Torrejón de Ardoz,28850,24-10-11,es.wallapop.com/item/seat-arona-style-xl-1057771545
Seat Arona Style XL,17940.0,Torrejón de Ardoz,28850,24-10-11,es.wallapop.com/item/seat-arona-style-xl-1057771559
Seat Arona Style XL,17240.0,Torrejón de Ardoz,28850,24-10-11,es.wallapop.com/item/seat-arona-style-xl-1057771563
Seat Arona Style XL,17940.0,Torrejón de Ardoz,28850,24-10-11,es.wallapop.com/item/seat-arona-style-xl-1057771542
Seat Arona Style XL,17440.0,Torrejón de Ardoz,28850,24-10-11,es.wallapop.com/item/seat-arona-style-xl-1057771555
SEAT Arona 1.6TDI DSG Excellence “Único prop”,17990.0,Coslada,28823,24-09-26,es.wallapop.com/item/seat-arona-1-6tdi-dsg-excellence-unico-prop-1052523751
MINI MINI Countryman 2019,19990.0,San Sebastián de Los Reyes,28700,24-09-20,es.wallapop.com/item/mini-mini-countryman-cooper-s-e-all4-165-kw-224-cv-1050252453
Peugeot 5008 BlueHDi 130 SANDS Allure 96 kW (130 CV),19890.0,San Sebastián de Los Reyes,28700,24-10-25,es.wallapop.com/item/peugeot-5008-bluehdi-130-sands-allure-96-kw-130-cv-1062717595
SEAT Arona 2018,16500.0,Coslada,28820,24-11-01,es.wallapop.com/item/seat-arona-2018-1065052353
SEAT Arona 2023,19000.0,Guadalajara,19002,24-10-30,es.wallapop.com/item/seat-arona-2023-1064362108
Seat Arona 1.0 TSI 81kW (110CV) Style Go2,15300.0,San Sebastián de Los Reyes,28700,24-10-29,es.wallapop.com/item/seat-arona-1-0-tsi-81kw-110cv-style-go2-1064016435
Seat Arona 1.6 TDI 70kW Reference Eco,14999.0,San Sebastián de Los Reyes,28700,24-10-02,es.wallapop.com/item/seat-arona-1-6-tdi-70kw-reference-eco-1054567526
Seat Arona 1.0 TSI 85kW (115CV) Style Edition Eco,13490.0,San Sebastián de Los Reyes,28700,24-10-18,es.wallapop.com/item/seat-arona-1-0-tsi-85kw-115cv-style-edition-eco-1060018726
SEAT Arona 1.0 TSI Xcellence Go2 81 kW (110 CV),14136.0,Alcobendas,28100,24-10-27,es.wallapop.com/item/seat-arona-1-0-tsi-xcellence-go2-81-kw-110-cv-1063327813
Citroen Grand C4 SpaceTourer 2020 7 plazas,15500.0,Alcalá de Henares,28807,24-10-02,es.wallapop.com/item/citroen-grand-c4-spacetourer-2020-7-plazas-1054592121
Citroen Grand C4 Picasso 2015,14500.0,Alcalá de Henares,28802,24-10-11,es.wallapop.com/item/citroen-grand-c4-picasso-2015-1057811048
Citroen C4 picasso 2014 1.6hdi 120cv 97000km,10500.0,Alcalá de Henares,28801,24-08-12,es.wallapop.com/item/citroen-c4-picasso-2014-97-000km-1037318343
Citroen Grand C4 Picasso 2014 ETIQUETA C,10900.0,Alcalá de Henares,28801,24-08-16,es.wallapop.com/item/citroen-grand-c4-picasso-2014-etiqueta-c-1038381932
CITROëN C4 Cactus C4 Cactus BlueHDi 100 S&S C-Series,12400.0,Mercado Parque Corredor del Henares,28851,24-10-30,es.wallapop.com/item/citroen-c4-cactus-1064372101
CITROëN C4 Cactus C4 Cactus BlueHDi 100 S&S C-Series,13400.0,Mercado Parque Corredor del Henares,28851,24-10-13,es.wallapop.com/item/citroen-c4-cactus-c4-cactus-bluehdi-100-s-s-c-series-1058397599
CITROëN C4 C4 C4 BlueHDi 110 S&S Live Pack berlina con portón 81kW 5P manual,13900.0,Mercado Parque Corredor del Henares,28851,24-10-23,es.wallapop.com/item/citroen-c4-c4-c4-bluehdi-110-s-s-live-pack-berlina-con-porton-81kw-5p-manual-1062046831
CITROëN C4 C4 BlueHDi 130 S&S EAT8 Feel Pack 96 kW 5P Automática,17800.0,Mercado Parque Corredor del Henares,28851,24-10-23,es.wallapop.com/item/citroen-c4-c4-bluehdi-130-s-s-eat8-feel-pack-96-kw-5p-automatica-1062046846
CITROëN C4 C4 BlueHdi 130 S&S EAT8 Feel 96kW,16700.0,Mercado Parque Corredor del Henares,28851,24-10-06,es.wallapop.com/item/citroen-c4-c4-bluehdi-130-s-s-eat8-feel-96kw-1056066010
Citroen C4 Cactus BlueHDi 88KW 120CV EAT6 Shine 5p,15500.0,Mercado Parque Corredor del Henares,28851,24-10-24,es.wallapop.com/item/citroen-c4-cactus-bluehdi-88kw-120cv-eat6-shine-5p-1062492416
Citroën C4 PureTech 130 S&S 6v Plus,19990.0,Mercado Parque Corredor del Henares,28851,24-10-18,es.wallapop.com/item/citroen-c4-puretech-130-s-s-6v-plus-1060028495
Citroen C4 Picasso PureTech 130 SANDS Shine EAT6 96 kW (130 CV),14350.0,Torrejón de Ardoz,28850,24-10-23,es.wallapop.com/item/citroen-c4-picasso-puretech-130-sands-shine-eat6-96-kw-130-cv-1062054285
Citroen C4 Picasso BlueHDi 120 Live Edition 88 kW (120 CV),11850.0,Torrejón de Ardoz,28850,24-10-09,es.wallapop.com/item/citroen-c4-picasso-bluehdi-120-live-edition-88-kw-120-cv-1057203415
Citroen C4 Picasso PureTech 110 SANDS 6v First 81 kW (110 CV),12650.0,Torrejón de Ardoz,28850,24-10-09,es.wallapop.com/item/citroen-c4-picasso-puretech-110-sands-6v-first-81-kw-110-cv-1057204653
Citroen C4 BlueHDi 130 SANDS Feel Pack EAT8 96 kW (130 CV),17263.0,Torrejón de Ardoz,28850,24-10-31,es.wallapop.com/item/citroen-c4-bluehdi-130-sands-feel-pack-eat8-96-kw-130-cv-1064691846
Citroen C4 Spacetourer BlueHDi 130 Origins 96 kW (130 CV),14354.0,Torrejón de Ardoz,28850,24-10-28,es.wallapop.com/item/citroen-c4-spacetourer-bluehdi-130-origins-96-kw-130-cv-1063693316
Citroen Grand C4 Picasso BlueHDi 150 Feel 110 kW (150 CV),16181.0,Torrejón de Ardoz,28850,24-10-30,es.wallapop.com/item/citroen-grand-c4-picasso-bluehdi-150-feel-110-kw-150-cv-1064347652
Citroen Grand C4 Spacetourer PureTech 130 Feel 96 kW (130 CV),13454.0,Torrejón de Ardoz,28850,24-10-28,es.wallapop.com/item/citroen-grand-c4-spacetourer-puretech-130-feel-96-kw-130-cv-1063693284
Citroen C4 Picasso 2017,11500.0,Torrejón de Ardoz,28850,24-10-14,es.wallapop.com/item/citroen-c4-picasso-2017-1058839716
Citroen Grand C4 SpaceTourer 2021,15900.0,Torrejón de Ardoz,28850,24-10-28,es.wallapop.com/item/citroen-grand-c4-spacetourer-2021-1063807455
Citroen Grand C4 Spacetourer PureTech 130 SANDS Live 96 kW (130 CV),18990.0,Torrejón de Ardoz,28850,24-10-23,es.wallapop.com/item/citroen-grand-c4-spacetourer-puretech-130-sands-live-96-kw-130-cv-1062033042
Citroën C4 Feel,15750.0,Torrejón de Ardoz,28850,24-10-11,es.wallapop.com/item/citroen-c4-feel-1057764474
Citroën C4 Feel Edition,12190.0,Torrejón de Ardoz,28850,24-10-11,es.wallapop.com/item/citroen-c4-feel-edition-1057764489
Citroën C4 Feel Pack,17580.0,Torrejón de Ardoz,28850,24-10-11,es.wallapop.com/item/citroen-c4-feel-pack-1057764511
Citroën C4 Cactus Feel,13510.0,Torrejón de Ardoz,28850,24-10-11,es.wallapop.com/item/citroen-c4-cactus-feel-1057764377
Citroën C4 Picasso Business,14850.0,Torrejón de Ardoz,28850,24-10-11,es.wallapop.com/item/citroen-c4-picasso-business-1057764598
Citroën C4 Cactus Feel,12390.0,Torrejón de Ardoz,28850,24-10-11,es.wallapop.com/item/citroen-c4-cactus-feel-1057764416
Citroën C4 Picasso Live,12750.0,Torrejón de Ardoz,28850,24-10-11,es.wallapop.com/item/citroen-c4-picasso-live-1057764647
Citroën C4 Cactus Feel,12290.0,Torrejón de Ardoz,28850,24-10-11,es.wallapop.com/item/citroen-c4-cactus-feel-1057764396
Citroën C4 Picasso Feel,12290.0,Torrejón de Ardoz,28850,24-10-11,es.wallapop.com/item/citroen-c4-picasso-feel-1057764633
Citroën C4 Spacetourer Business,17760.0,Torrejón de Ardoz,28850,24-10-11,es.wallapop.com/item/citroen-c4-spacetourer-business-1057764700
Citroën Grand C4 SpaceTourer Shine,15440.0,Torrejón de Ardoz,28850,24-10-11,es.wallapop.com/item/citroen-grand-c4-spacetourer-shine-1057765052
Citroën Grand C4 SpaceTourer Business,17250.0,Torrejón de Ardoz,28850,24-10-11,es.wallapop.com/item/citroen-grand-c4-spacetourer-business-1057764993
Citroen C4 Cactus 2018,15500.0,Ciudad Jardin Valderrey,28119,24-11-02,es.wallapop.com/item/citroen-c4-cactus-2018-1065315770
Citroen C4 2023,17500.0,Fuente el Saz de Jarama,28140,24-05-30,es.wallapop.com/item/citroen-c4-2023-1014936274
Citroen C4 SpaceTourer 2020,17490.0,Coslada,28823,24-10-21,es.wallapop.com/item/citroen-c4-spacetourer-2020-1061388851
Citroen C4 2023,17900.0,Guadalajara,19003,24-09-18,es.wallapop.com/item/citroen-c4-2023-1049672733
Citroen Grand C4 Picasso 2017,10500.0,Loeches,28890,24-10-23,es.wallapop.com/item/citroen-grand-c4-picasso-2017-1062319206
Citroen C4 Cactus 2020,10890.0,San Fernando de Henares,28830,24-10-25,es.wallapop.com/item/citroen-c4-cactus-2020-1062985949
TOYOTA C-HR 1.8 125H Advance,17490.0,Alcalá de Henares,28807,24-10-08,es.wallapop.com/item/toyota-c-hr-1-8-125h-advance-1056948476
Toyota C-HR 2018,16500.0,Alcalá de Henares,28801,24-10-21,es.wallapop.com/item/toyota-c-hr-2018-1061493856
TOYOTA C-HR C-HR C-HR 1.8 125H ADVANCE 90KW (122CV) 5P AUT,18900.0,Mercado Parque Corredor del Henares,28851,24-10-31,es.wallapop.com/item/toyota-c-hr-c-hr-c-hr-1-8-125h-advance-90kw-122cv-5p-aut-1064709753
TOYOTA C-HR C-HR 1.8 125H Active (122CV),18700.0,Mercado Parque Corredor del Henares,28851,24-10-24,es.wallapop.com/item/toyota-c-hr-c-hr-1-8-125h-active-122cv-1062420392
TOYOTA C-HR C-HR C-HR 1.8 125H ADVANCE 90KW (122CV) 5P AUT,18500.0,Mercado Parque Corredor del Henares,28851,24-10-17,es.wallapop.com/item/toyota-c-hr-c-hr-c-hr-1-8-125h-advance-90kw-122cv-5p-aut-1059717339
TOYOTA C-HR C-HR C-HR 1.8 125H ADVANCE 90KW (122CV) 5P AUT,17800.0,Mercado Parque Corredor del Henares,28851,24-10-09,es.wallapop.com/item/toyota-c-hr-c-hr-c-hr-1-8-125h-advance-90kw-122cv-5p-aut-1057062969
TOYOTA C-HR C-HR 1.8 125H Active (122CV),17500.0,Mercado Parque Corredor del Henares,28851,24-09-28,es.wallapop.com/item/toyota-c-hr-c-hr-1-8-125h-active-122cv-1053055010
Toyota C-HR 1.8 125H Active,19900.0,Mercado Parque Corredor del Henares,28851,24-10-09,es.wallapop.com/item/toyota-c-hr-1-8-125h-active-1057065513
Toyota Yaris Feel,13440.0,Torrejón de Ardoz,28850,24-10-11,es.wallapop.com/item/toyota-yaris-feel-1057772135
Toyota Proace L1 Comfort,14890.0,Torrejón de Ardoz,28850,24-10-11,es.wallapop.com/item/toyota-proace-l1-comfort-1057772120
TOYOTA C-HR 1.8 125H ADVANCE,16900.0,Parque Empresarial San Fernando de Henares,28830,24-10-22,es.wallapop.com/item/toyota-c-hr-1-8-125h-advance-1061616986
TOYOTA Yaris 1.0 70 Active Tech 5p. - 2019,11900.0,Urbanizacion Las Colinas,19170,24-07-24,es.wallapop.com/item/toyota-yaris-1-0-70-active-tech-5p-2019-1032058028
Toyota Yaris 2020 - ¡¡ 34.283 kms !!,12900.0,Urbanizacion Las Colinas,19170,24-10-10,es.wallapop.com/item/toyota-yaris-2020-34-283-kms-1057519252
Toyota C-HR 2019,17900.0,Coslada,28821,24-08-06,es.wallapop.com/item/toyota-c-hr-2019-1035760699
Toyota C-HR 1.8 125H Dynamic Plus 90 kW (122 CV),18081.0,Alcobendas,28100,24-10-23,es.wallapop.com/item/toyota-c-hr-1-8-125h-dynamic-plus-90-kw-122-cv-1062033575
Toyota C-HR 1.8 125H Advance 90 kW (122 CV),19991.0,Alcobendas,28100,24-09-29,es.wallapop.com/item/toyota-c-hr-1-8-125h-advance-90-kw-122-cv-1053348468
Toyota C-HR 1.8 125H Advance Plus Luxury 90 kW (122 CV),19991.0,Alcobendas,28100,24-09-11,es.wallapop.com/item/toyota-c-hr-1-8-125h-advance-plus-luxury-90-kw-122-cv-1046937319
Toyota C-HR 2018,20000.0,Madrid,28050,24-10-01,es.wallapop.com/item/toyota-c-hr-2018-1054376500
Toyota C-HR 2019 Advance ECO,18900.0,Colonia Pablo Iglesias,28520,24-10-24,es.wallapop.com/item/toyota-c-hr-2019-advance-eco-1062625207
Toyota Híbrido C-HR 125H Active,18970.0,Arganda del Rey,28500,24-10-03,es.wallapop.com/item/toyota-hibrido-c-hr-125h-active-1055304771
Toyota C-HR 1.8 125H Advance 90 kW (122 CV),20000.0,Rivas-Vaciamadrid,28521,24-09-26,es.wallapop.com/item/toyota-c-hr-1-8-125h-advance-90-kw-122-cv-1052397771
Toyota C-HR 1.8 125H Advance,18700.0,Rivas Vaciamadrid,28521,24-10-09,es.wallapop.com/item/toyota-c-hr-1-8-125h-advance-1057063560
Toyota C-HR 1.8 125H Active,16990.0,Castellón,12001,24-11-03,es.wallapop.com/item/toyota-c-hr-1-8-125h-active-1065868893
Toyota C-HR 1.8 125H Dynamic Plus,17190.0,Madrid,28006,24-10-23,es.wallapop.com/item/toyota-c-hr-1-8-125h-dynamic-plus-1062047049
Toyota C-HR 1.8 125H Advance 90 kW (122 CV),19718.0,Arganda del Rey,28500,24-09-20,es.wallapop.com/item/toyota-c-hr-1-8-125h-advance-90-kw-122-cv-1050270668
TOYOTA C-HR Hybrid Active,19200.0,Madrid,28007,24-09-27,es.wallapop.com/item/toyota-c-hr-hybrid-active-1052764383
Toyota C-HR 2019,20000.0,Madrid,28038,24-05-24,es.wallapop.com/item/toyota-chr-2019-1013340041
TOYOTA C-HR Hybrid Advance,16700.0,Madrid,28007,24-09-17,es.wallapop.com/item/toyota-c-hr-hybrid-advance-1049300053
TOYOTA C-HR Hybrid Active,18970.0,Madrid,28007,24-09-26,es.wallapop.com/item/toyota-c-hr-hybrid-active-1052420045
Toyota C-HR 1.8 125H Advance 90 kW (122 CV),18990.0,Madrid,28009,24-09-29,es.wallapop.com/item/toyota-c-hr-1-8-125h-advance-90-kw-122-cv-1053346647
Toyota C-HR 1.8 125H Active 90 kW (122 CV),18081.0,Madrid,28009,24-08-09,es.wallapop.com/item/toyota-c-hr-1-8-125h-active-90-kw-122-cv-1036417437
Toyota C-HR 1.8 125H Dynamic Plus,18490.0,Castellón,12001,24-10-30,es.wallapop.com/item/toyota-c-hr-1-8-125h-dynamic-plus-1064468599
Toyota Chr 2017,17200.0,Madrid,28018,24-10-17,es.wallapop.com/item/toyota-chr-2017-1059817456
Toyota C-HR 2020,18990.0,Madrid,28014,24-10-26,es.wallapop.com/item/toyota-c-hr-2020-1063307314
Toyota C-HR 1.8 125H Advance,17790.0,Madrid,28014,24-10-23,es.wallapop.com/item/toyota-c-hr-1-8-125h-advance-1062044292
Toyota C-HR 1.8 125H Active,19990.0,Madrid,28014,24-10-21,es.wallapop.com/item/toyota-c-hr-1-8-125h-active-1061055625
Toyota C-HR 1.8 125H Dynamic Plus,17990.0,Madrid,28014,24-10-20,es.wallapop.com/item/toyota-c-hr-1-8-125h-dynamic-plus-1060642564
Toyota C-HR 1.8 125H Active,17490.0,Madrid,28014,24-10-18,es.wallapop.com/item/toyota-c-hr-1-8-125h-active-1060022529
Toyota C-HR 1.8 125H Advance,18490.0,Madrid,28014,24-10-18,es.wallapop.com/item/toyota-c-hr-1-8-125h-advance-1060021976
Toyota C-HR 1.8 125H Active,17490.0,Madrid,28014,24-10-18,es.wallapop.com/item/toyota-c-hr-1-8-125h-active-1060022359
Volkswagen Golf 2013,11450.0,Alcalá de Henares,28807,24-11-02,es.wallapop.com/item/volkswagen-golf-2013-1065594634
Volkswagen Golf Cabrio 2012,10500.0,Alcalá de Henares,28807,24-10-17,es.wallapop.com/item/volkswagen-golf-cabrio-2012-1059735792
Volkswagen Golf 2015,12000.0,Daganzo de Arriba,28814,24-11-02,es.wallapop.com/item/volkswagen-golf-2015-1065629333
Volkswagen Golf 2018 DSG7 AUTOMATICO Color Nardo ,13500.0,Alcalá de Henares,28801,24-09-19,es.wallapop.com/item/volkswagen-golf-2018-dsg7-automatico-color-nardo-1050243373
Volkswagen Golf 1.6 BIFUEL GLP GAS de serie 102cv,10500.0,Alcalá de Henares,28801,24-10-29,es.wallapop.com/item/volkswagen-golf-2011-1-6-bifuel-glp-gas-de-serie-1064110541
Volkswagen Golf 2020,15897.0,Alcalá de Henares,28800,24-10-16,es.wallapop.com/item/volkswagen-golf-2020-1059509013
Volkswagen Golf 2014,17900.0,Alcalá de Henares,28800,24-09-16,es.wallapop.com/item/volkswagen-golf-gti-performance-1048845766
Volkswagen Golf Life 2.0 TDI 85kW 115CV,19290.0,Alcalá de Henares,28800,24-10-19,es.wallapop.com/item/volkswagen-golf-life-2-0-tdi-85kw-115cv-1060312303
Volkswagen Golf 2017,15499.0,Alcalá de Henares,28801,24-10-02,es.wallapop.com/item/volkswagen-golf-2017-1054746292
Volkswagen Golf ,15000.0,Mercado Parque Corredor del Henares,28851,24-10-15,es.wallapop.com/item/volkswagen-golf-1059305639
Volkswagen Golf 2015,11490.0,Mercado Parque Corredor del Henares,28851,24-10-31,es.wallapop.com/item/volkswagen-golf-2015-1064752290
Volkswagen Golf 2018,13800.0,Paracuellos de Jarama,28860,24-10-10,es.wallapop.com/item/volkswagen-golf-2018-1057674539
Volkswagen Golf Edition 1.6 TDI 85kW (115CV),17700.0,Mercado Parque Corredor del Henares,28851,24-09-30,es.wallapop.com/item/volkswagen-golf-edition-1-6-tdi-85kw-115cv-1053816502
Volkswagen Golf Advance 1.6 TDI 85kW (115CV),19500.0,Mercado Parque Corredor del Henares,28851,24-09-22,es.wallapop.com/item/volkswagen-golf-advance-1-6-tdi-85kw-115cv-1050956840
Volkswagen Golf Sportsvan Edition 1.2 TSI 110CV BMT,13500.0,Mercado Parque Corredor del Henares,28851,24-09-16,es.wallapop.com/item/volkswagen-golf-sportsvan-edition-1-2-tsi-110cv-bmt-1048869968
Volkswagen Golf Ready2Go 1.6 TDI 85kW (115CV),18500.0,Mercado Parque Corredor del Henares,28851,24-09-16,es.wallapop.com/item/volkswagen-golf-ready2go-1-6-tdi-85kw-115cv-1048870303
Volkswagen Golf Ready2Go 1.0 TSI 81kW (110CV),16300.0,Mercado Parque Corredor del Henares,28851,24-10-09,es.wallapop.com/item/volkswagen-golf-ready2go-1-0-tsi-81kw-110cv-1057065485
Volkswagen Golf Last Edition 1.5 TSI EVO 96kW (130CV),18500.0,Mercado Parque Corredor del Henares,28851,24-10-24,es.wallapop.com/item/volkswagen-golf-last-edition-1-5-tsi-evo-96kw-130cv-1062423828
Volkswagen Golf VII Advanced 2018,17490.0,Mercado Parque Corredor del Henares,28851,24-10-20,es.wallapop.com/item/golf-vii-1-5-150cv-2018-1060818665
Volkswagen Golf 7 2015,14500.0,Torrejón de Ardoz,28850,24-10-18,es.wallapop.com/item/volkswagen-golf-7-2015-1060184997
Volkswagen Golf Sport 2.0 TDI BMT 110 kW (150 CV) DSG,17500.0,Torrejón de Ardoz,28850,24-11-01,es.wallapop.com/item/volkswagen-golf-sport-2-0-tdi-bmt-110-kw-150-cv-dsg-1064952994
Volkswagen Golf Sport 2.0 TDI BMT 110 kW (150 CV),19500.0,Torrejón de Ardoz,28850,24-10-28,es.wallapop.com/item/volkswagen-golf-sport-2-0-tdi-bmt-110-kw-150-cv-1063693566
Volkswagen Golf Sport 2.0 TDI BMT 110 kW (150 CV),13990.0,Torrejón de Ardoz,28850,24-10-25,es.wallapop.com/item/volkswagen-golf-sport-2-0-tdi-bmt-110-kw-150-cv-1062718746
Volkswagen Golf Business 1.2 TSI BMT 81 kW (110 CV),12450.0,Torrejón de Ardoz,28850,24-10-24,es.wallapop.com/item/volkswagen-golf-business-1-2-tsi-bmt-81-kw-110-cv-1062419010
Volkswagen Golf 2019 E-Golf Epower 136CV,14800.0,Torrejón de Ardoz,28850,24-10-02,es.wallapop.com/item/volkswagen-golf-2019-e-golf-epower-136cv-1054893397
Volkswagen Golf 2015,14300.0,Torrejón de Ardoz,28850,24-10-18,es.wallapop.com/item/volkswagen-golf-2015-1060295523
Volkswagen Golf Sportsvan Advance 1.6 TDI 85 kW (115 CV) DSG,19500.0,Torrejón de Ardoz,28850,24-09-27,es.wallapop.com/item/volkswagen-golf-sportsvan-advance-1-6-tdi-85-kw-115-cv-dsg-1052867878
Volkswagen Golf 2013 solo 145.000 km automatico ,11999.0,Paracuellos de Jarama,28860,24-09-03,es.wallapop.com/item/volkswagen-golf-2013-solo-145-000-km-automatico-1044234297
Volkswagen Golf e-Golf Etiqueta 0 Garantía Inc,15950.0,Torrejón de Ardoz,28850,24-10-29,es.wallapop.com/item/volkswagen-golf-e-golf-etiqueta-0-garantia-inc-1064273837
Volkswagen e-Golf ePower 136Cv Nacional Garantía I,16950.0,Torrejón de Ardoz,28850,24-10-14,es.wallapop.com/item/volkswagen-e-golf-epower-136cv-nacional-garantia-i-1059008397
Volkswagen Golf Life,18490.0,Torrejón de Ardoz,28850,24-10-11,es.wallapop.com/item/volkswagen-golf-life-1057772294
Volkswagen Golf Variant Advance BMT,15840.0,Torrejón de Ardoz,28850,24-10-11,es.wallapop.com/item/volkswagen-golf-variant-advance-bmt-1057772321
Volkswagen Golf Variant Ready2Go,13890.0,Torrejón de Ardoz,28850,24-10-11,es.wallapop.com/item/volkswagen-golf-variant-ready2go-1057772347
Volkswagen Golf Golf,18240.0,Torrejón de Ardoz,28850,24-10-11,es.wallapop.com/item/volkswagen-golf-golf-1057772215
Volkswagen Golf familiar automatico,14990.0,Torres de la Alameda,28813,24-10-12,es.wallapop.com/item/volkswagen-golf-familiar-automatico-1058144282
VOLKSWAGEN GOLF ADVANCE 2.0 TDI BMT DSG,14600.0,Parque Empresarial San Fernando de Henares,28830,24-10-28,es.wallapop.com/item/volkswagen-golf-advance-2-0-tdi-bmt-dsg-1063707884
VOLKSWAGEN GOLF SPORTSVAN SPORT 1.6 TDI 110CV BMT DSG,15600.0,Parque Empresarial San Fernando de Henares,28830,24-10-29,es.wallapop.com/item/volkswagen-golf-sportsvan-sport-1-6-tdi-110cv-bmt-dsg-1064026020
Volkswagen Golf 1.4 TGI,10000.0,Ciudad Jardin Valderrey,28119,24-10-28,es.wallapop.com/item/volkswagen-golf-1-4-tgi-1064002547
Volkswagen Golf 2010,15500.0,Mejorada del Campo,28840,24-10-21,es.wallapop.com/item/volkswagen-golf-2010-1061381580
Volkswagen Golf 2016,12300.0,San Fernando de Henares,28830,24-10-17,es.wallapop.com/item/volkswagen-golf-2016-1059975553
Opel Astra 1.6 CDTi SANDS Dynamic Auto 100 kW (136 CV),10990.0,Alcalá de Henares,28807,23-12-11,es.wallapop.com/item/opel-astra-1-6-cdti-sands-dynamic-auto-100-kw-136-cv-964112760
Opel Astra 1.2T SHL 81kW 110CV GS Line,11390.0,Alcalá de Henares,28800,24-10-19,es.wallapop.com/item/opel-astra-1-2t-shl-81kw-110cv-gs-line-1060311998
Opel Astra Tourer CDTDI,11599.0,Azuqueca de Henares,19200,24-10-28,es.wallapop.com/item/opel-astra-tourer-cdtdi-1063829944
Opel Astra 1.2T XHT 96kW (130CV) Elegance,18490.0,Mercado Parque Corredor del Henares,28851,24-11-01,es.wallapop.com/item/opel-astra-1-2t-xht-96kw-130cv-elegance-1064972527
Opel Astra 2016,10500.0,Paracuellos de Jarama,28860,24-10-06,es.wallapop.com/item/opel-astra-2016-1056295348
Opel Astra 1.4 Turbo GTC SANDS Selective 103 kW (140 CV),13450.0,Torrejón de Ardoz,28850,24-10-16,es.wallapop.com/item/opel-astra-1-4-turbo-gtc-sands-selective-103-kw-140-cv-1059381143
Opel Astra Sports Tourer 1.6 CDTI SANDS Excellence 100 kW (136 CV),12950.0,Torrejón de Ardoz,28850,24-09-11,es.wallapop.com/item/opel-astra-sports-tourer-1-6-cdti-sands-excellence-100-kw-136-cv-1046932350
Opel Astra Sports Tourer 1.6 CDTI SANDS Excellence 100 kW (136 CV),15950.0,Torrejón de Ardoz,28850,23-09-11,es.wallapop.com/item/opel-astra-sports-tourer-1-6-cdti-sands-excellence-100-kw-136-cv-934381215
Opel Astra 2.0 CDTi SANDS Selective 121 kW (165 CV),12490.0,Torrejón de Ardoz,28850,24-10-13,es.wallapop.com/item/opel-astra-2-0-cdti-sands-selective-121-kw-165-cv-1058382089
Opel Astra 1.5 D DVH GS Line 90 kW (122 CV),15909.0,Torrejón de Ardoz,28850,24-10-09,es.wallapop.com/item/opel-astra-1-5-d-dvh-gs-line-90-kw-122-cv-1057072350
Opel Astra 1.6 CDTi Dynamic 81 kW (110 CV),12350.0,Torrejón de Ardoz,28850,24-09-29,es.wallapop.com/item/opel-astra-1-6-cdti-dynamic-81-kw-110-cv-1053346591
Opel Astra 1.4 Turbo SANDS Excellence 110 kW (150 CV),14318.0,Torrejón de Ardoz,28850,24-09-08,es.wallapop.com/item/opel-astra-1-4-turbo-sands-excellence-110-kw-150-cv-1045774396
Opel Astra 1.6 CDTi Dynamic 81 kW (110 CV),16355.0,Torrejón de Ardoz,28850,24-08-16,es.wallapop.com/item/opel-astra-1-6-cdti-dynamic-81-kw-110-cv-1038383284
Opel Astra Sports Tourer 1.6 CDTI S/S Innovation 100 kW (136 CV),12863.0,Torrejón de Ardoz,28850,24-06-16,es.wallapop.com/item/opel-astra-sports-tourer-1-6-cdti-s-s-innovation-100-kw-136-cv-1020198431
Opel Astra 1.6 CDTi SANDS Selective 81 kW (110 CV),10900.0,Torrejón de Ardoz,28850,24-05-14,es.wallapop.com/item/opel-astra-1-6-cdti-sands-selective-81-kw-110-cv-1009926785
Opel Astra 2.0 CDTI SANDS Excellence 121 kW (165 CV),10500.0,Torrejón de Ardoz,28850,23-11-18,es.wallapop.com/item/opel-astra-2-0-cdti-sands-excellence-121-kw-165-cv-956848849
"Opel Astra S/S (150CV) Turbo, Dynamic",11000.0,Torrejón de Ardoz,28850,24-04-23,es.wallapop.com/item/opel-astra-2016-1003260016
Opel Astra 2.0 CDTi SANDS Selective 121 kW (165 CV),10250.0,Torrejón de Ardoz,28850,24-07-23,es.wallapop.com/item/opel-astra-2-0-cdti-sands-selective-121-kw-165-cv-1031532472
Opel Astra Dynamic,12790.0,Torrejón de Ardoz,28850,24-10-11,es.wallapop.com/item/opel-astra-dynamic-1057769636
Opel Astra Elegance,18390.0,Torrejón de Ardoz,28850,24-10-11,es.wallapop.com/item/opel-astra-elegance-1057769643
Opel Astra Astra S&S,14390.0,Torrejón de Ardoz,28850,24-10-11,es.wallapop.com/item/opel-astra-astra-s-s-1057769625
Opel Astra GS Line,14690.0,Torrejón de Ardoz,28850,24-10-11,es.wallapop.com/item/opel-astra-gs-line-1057769657
Opel Astra GSi LINE,16790.0,Torrejón de Ardoz,28850,24-10-11,es.wallapop.com/item/opel-astra-gsi-line-1057769662
Opel Astra Sports Tourer Elegance,12290.0,Torrejón de Ardoz,28850,24-10-11,es.wallapop.com/item/opel-astra-sports-tourer-elegance-1057769673
Opel Astra 2015 1.6Cdti Selectiv IVA y Garantía In,10450.0,Torrejón de Ardoz,28850,24-10-29,es.wallapop.com/item/opel-astra-2015-1-6cdti-selectiv-iva-y-garantia-in-1064039103
Opel Astra 2021,12000.0,Loeches,28890,24-10-24,es.wallapop.com/item/opel-astra-2021-1062653268
Opel Astra 1.6 GSI Line “Único propietario” ,15990.0,Coslada,28823,24-10-19,es.wallapop.com/item/opel-astra-1-6-gsi-line-unico-propietario-1060592317
Toyota Auris 2018,17990.0,San Sebastián de Los Reyes,28700,24-07-03,es.wallapop.com/item/toyota-auris-140h-hybrid-feel-100-kw-136-cv-1025372080
Peugeot 208 2022,13590.0,San Sebastián de Los Reyes,28700,24-10-04,es.wallapop.com/item/peugeot-208-puretech-100-allure-75-kw-100-cv-1055422667
Hyundai Ioniq 1.6 GDI HEV Tecno DT 104 kW (141 CV),15590.0,San Sebastián de Los Reyes,28700,24-09-12,es.wallapop.com/item/hyundai-ioniq-1-6-gdi-hev-tecno-dt-104-kw-141-cv-1047313816
Hyundai Ioniq 1.6 GDI HEV Tecno DT 104 kW (141 CV),15990.0,San Sebastián de Los Reyes,28700,24-07-19,es.wallapop.com/item/hyundai-ioniq-1-6-gdi-hev-tecno-dt-104-kw-141-cv-1030449093
OPEL Astra 1.4 Turbo S/S 92kW (125CV) Dynamic,11499.0,San Sebastián de Los Reyes,28700,24-09-27,es.wallapop.com/item/opel-astra-1-4-turbo-s-s-92kw-125cv-dynamic-1052826979
Opel Astra 2017,13500.0,Urbanizacion La Granjilla,28700,21-12-12,es.wallapop.com/item/opel-astra-2017-718067356
Opel Astra 2012,18499.0,Coslada,28821,23-05-26,es.wallapop.com/item/opel-astra-2012-904701293
Opel Astra 1.2T SHL 81kW 110CV GS Line,11390.0,San Sebastián de Los Reyes,28700,24-10-19,es.wallapop.com/item/opel-astra-1-2t-shl-81kw-110cv-gs-line-1060311627
Opel Astra 1.4 Turbo 92kW (125CV) Dynamic,11990.0,San Sebastián de Los Reyes,28700,24-10-06,es.wallapop.com/item/opel-astra-1-4-turbo-92kw-125cv-dynamic-1056059939
Opel Astra 1.6 CDTI SELECTIVE 110cv 5P,10950.0,San Sebastián de Los Reyes,28700,24-10-12,es.wallapop.com/item/opel-astra-1-6-cdti-selective-110cv-5p-1058071394
Opel Astra 1.2 GS-Line 110cv 5P,11450.0,San Sebastián de Los Reyes,28700,24-09-18,es.wallapop.com/item/opel-astra-1-2-gs-line-110cv-5p-1049560097
Opel Astra 1.6 CDTI Dynamic 136cv 5P S/S,13450.0,San Sebastián de Los Reyes,28700,24-07-29,es.wallapop.com/item/opel-astra-1-6-cdti-dynamic-136cv-5p-s-s-1033261613
Opel Astra ST 1.2T GS LINE 110cv 5P,11750.0,San Sebastián de Los Reyes,28700,24-07-29,es.wallapop.com/item/opel-astra-st-1-2t-gs-line-110cv-5p-1033262050
SEAT Ibiza 2020,13500.0,Alcalá de Henares,28802,24-10-21,es.wallapop.com/item/seat-ibiza-style-go-tgi-90cv-1061245810
SEAT Ibiza 2018,14500.0,Alcalá de Henares,28807,24-07-27,es.wallapop.com/item/seat-ibiza-2018-1032870989
SEAT Ibiza 2024,17990.0,Alcalá de Henares,28801,24-10-30,es.wallapop.com/item/seat-ibiza-2024-1064486015
SEAT Ibiza 2018,11000.0,Alcalá de Henares,28801,24-10-06,es.wallapop.com/item/seat-ibiza-2018-1056242915
Seat Ibiza Cupra SC 1.8TSI 192cv 3p,16900.0,Alcalá de Henares,28802,24-08-07,es.wallapop.com/item/seat-ibiza-cupra-sc-1-8tsi-192cv-3p-1036093328
SEAT Ibiza 2013,10200.0,Serracines,28815,24-07-27,es.wallapop.com/item/seat-ibiza-2013-1032984370
SEAT IBIZA ,13500.0,Base Aerea Conjunta Torrejon,28850,24-10-19,es.wallapop.com/item/seat-ibiza-2019-1060540414
SEAT Ibiza Ibiza 1.6 TDI 70kW (95CV) Style,13300.0,Mercado Parque Corredor del Henares,28851,24-10-24,es.wallapop.com/item/seat-ibiza-ibiza-1-6-tdi-70kw-95cv-style-1062420372
SEAT Ibiza Ibiza 1.0 EcoTSI 85kW (115CV) Xcellence Plus,12900.0,Mercado Parque Corredor del Henares,28851,24-10-24,es.wallapop.com/item/seat-ibiza-ibiza-1-0-ecotsi-85kw-115cv-xcellence-plus-1062420353
SEAT Ibiza Ibiza 1.6 TDI 70kW (95CV) Style,10300.0,Mercado Parque Corredor del Henares,28851,24-10-17,es.wallapop.com/item/seat-ibiza-ibiza-1-6-tdi-70kw-95cv-style-1059717323
SEAT Ibiza Ibiza 1.0 EcoTSI 85 kW (115 CV) Xcellence 5P Manual,12400.0,Mercado Parque Corredor del Henares,28851,24-10-23,es.wallapop.com/item/seat-ibiza-ibiza-1-0-ecotsi-85-kw-115-cv-xcellence-5p-manual-1062046833
SEAT Ibiza Ibiza 1.6 TDI 70kW (95CV) Reference Plus,10400.0,Mercado Parque Corredor del Henares,28851,24-10-06,es.wallapop.com/item/seat-ibiza-ibiza-1-6-tdi-70kw-95cv-reference-plus-1056066045
SEAT Ibiza Ibiza 1.0 ECOTSI (115CV) XCELLENCE,13800.0,Mercado Parque Corredor del Henares,28851,24-08-23,es.wallapop.com/item/seat-ibiza-ibiza-1-0-ecotsi-115cv-xcellence-1040395432
SEAT Ibiza Ibiza 1.0 EcoTSI 85kW (115CV) Xcellence Plus,12500.0,Mercado Parque Corredor del Henares,28851,24-08-23,es.wallapop.com/item/seat-ibiza-ibiza-1-0-ecotsi-85kw-115cv-xcellence-plus-1040395420
SEAT Ibiza 2019,10900.0,Mercado Parque Corredor del Henares,28851,24-09-24,es.wallapop.com/item/seat-ibiza-2019-1051928622
Seat Ibiza 1.0 55kW (75CV) Full Connect,10000.0,Mercado Parque Corredor del Henares,28851,24-09-21,es.wallapop.com/item/seat-ibiza-1-0-55kw-75cv-full-connect-1050590479
Seat Ibiza 1.0 TGI 66kW (90CV) Style,13900.0,Mercado Parque Corredor del Henares,28851,24-09-16,es.wallapop.com/item/seat-ibiza-1-0-tgi-66kw-90cv-style-1048870046
Seat Ibiza 1.0 TSI 81kW (110CV) Style,15000.0,Mercado Parque Corredor del Henares,28851,24-11-01,es.wallapop.com/item/seat-ibiza-1-0-tsi-81kw-110cv-style-1064972512
SEAT Ibiza 1.0 TSI Style Plus 81 kW (110 CV),14250.0,Torrejón de Ardoz,28850,24-10-23,es.wallapop.com/item/seat-ibiza-1-0-tsi-style-plus-81-kw-110-cv-1062054458
SEAT Ibiza 1.0 MPI Style 59 kW (80 CV),13750.0,Torrejón de Ardoz,28850,24-10-16,es.wallapop.com/item/seat-ibiza-1-0-mpi-style-59-kw-80-cv-1059381418
SEAT Ibiza 1.2 TSI Style Connect 66 kW (90 CV),12150.0,Torrejón de Ardoz,28850,24-10-16,es.wallapop.com/item/seat-ibiza-1-2-tsi-style-connect-66-kw-90-cv-1059381178
SEAT Ibiza 1.2 TSI Style ITech 30 Aniversario 63 kW (85 CV),11750.0,Torrejón de Ardoz,28850,24-10-16,es.wallapop.com/item/seat-ibiza-1-2-tsi-style-itech-30-aniversario-63-kw-85-cv-1059381171
SEAT Ibiza 1.0 TSI Xcellence Go2 81 kW (110 CV),13354.0,Torrejón de Ardoz,28850,24-10-28,es.wallapop.com/item/seat-ibiza-1-0-tsi-xcellence-go2-81-kw-110-cv-1063693288
SEAT Ibiza 1.0 EcoTSI SANDS Reference Plus 70 kW (95 CV),10718.0,Torrejón de Ardoz,28850,24-10-28,es.wallapop.com/item/seat-ibiza-1-0-ecotsi-sands-reference-plus-70-kw-95-cv-1063693455
SEAT Ibiza 1.0 TSI Xcellence Go2 DSG 81 kW (110 CV),14227.0,Torrejón de Ardoz,28850,24-10-26,es.wallapop.com/item/seat-ibiza-1-0-tsi-xcellence-go2-dsg-81-kw-110-cv-1063009761
SEAT Ibiza 1.0 EcoTSI SANDS Xcellence 70 kW (95 CV),10181.0,Torrejón de Ardoz,28850,24-10-06,es.wallapop.com/item/seat-ibiza-1-0-ecotsi-sands-xcellence-70-kw-95-cv-1056045239
SEAT Ibiza 1.0 MPI Reference Plus 59 kW (80 CV),11227.0,Torrejón de Ardoz,28850,24-10-02,es.wallapop.com/item/seat-ibiza-1-0-mpi-reference-plus-59-kw-80-cv-1054556503
SEAT Ibiza 1.6 TDI SANDS Reference Plus 70 kW (95 CV),12355.0,Torrejón de Ardoz,28850,24-09-14,es.wallapop.com/item/seat-ibiza-1-6-tdi-sands-reference-plus-70-kw-95-cv-1048042551
SEAT Ibiza 1.0 TSI 110CV STYLE PLUS 5P,16900.0,Torrejón de Ardoz,28850,24-10-17,es.wallapop.com/item/seat-ibiza-1-0-tsi-110cv-style-plus-5p-1059931369
SEAT Ibiza 1.0 TSI Style XL 81 kW (110 CV),19890.0,Torrejón de Ardoz,28850,24-09-27,es.wallapop.com/item/seat-ibiza-1-0-tsi-style-xl-81-kw-110-cv-1052870955
Seat Ibiza FR Crono,11190.0,Torrejón de Ardoz,28850,24-10-15,es.wallapop.com/item/seat-ibiza-fr-crono-1059063165
Seat Ibiza Style,13790.0,Torrejón de Ardoz,28850,24-10-11,es.wallapop.com/item/seat-ibiza-style-1057771681
Seat Ibiza Reference,12350.0,Torrejón de Ardoz,28850,24-10-11,es.wallapop.com/item/seat-ibiza-reference-1057771656
Seat Ibiza FR Crono,12490.0,Torrejón de Ardoz,28850,24-10-11,es.wallapop.com/item/seat-ibiza-fr-crono-1057771631
Seat Ibiza FR XS,17890.0,Torrejón de Ardoz,28850,24-10-11,es.wallapop.com/item/seat-ibiza-fr-xs-1057771642
Seat Ibiza FR XS,19840.0,Torrejón de Ardoz,28850,24-10-11,es.wallapop.com/item/seat-ibiza-fr-xs-1057771647
KIA Sportage 2019,17900.0,Guadalajara,19003,24-08-07,es.wallapop.com/item/kia-sportage-2019-1035899526
SEAT Ibiza 2019,16000.0,Madrid,28055,24-10-25,es.wallapop.com/item/seat-ibiza-1-0-tsi-85kw-115-cv-dsg-xcellence-1062973523
SEAT Ibiza 2019,15500.0,Madrid,28022,24-10-29,es.wallapop.com/item/seat-ibiza-2019-1064070665
SEAT Ibiza 2018,16900.0,Coslada,28822,24-10-20,es.wallapop.com/item/seat-ibiza-2018-1060880500
